Error,Location,Details,Events,Users,Notes,Link
TypeError,http://localhost:4200/main.js,base_component.setElements is not a function,2,1,,https://sentry.io/organizations/jakub-perdek/issues/2354404842/
default,http://localhost:4200/signin,User logged as assistent,21,7,,https://sentry.io/organizations/jakub-perdek/issues/2335714672/
Error,https://localhost:4200/main.js,"Non-Error exception captured with keys: error, headers, message, name, ok�",33,7,,https://sentry.io/organizations/jakub-perdek/issues/2335667330/
default,http://localhost:4200/signin,User logged as admin,3,3,,https://sentry.io/organizations/jakub-perdek/issues/2335730852/
default,http://localhost:4200/manage,User changed email admin@topsecret.com,9,3,,https://sentry.io/organizations/jakub-perdek/issues/2335726262/
